<animations>
    <idle loop="true" speed="0.05f">
      <animation x="4" y="37" w="13" h="20"/>
      <animation x="24" y="37" w="13" h="20"/>
    </idle>

    <run loop="true" speed="0.15f">
      <animation x="1" y="298" w="13" h="21"/>
      <animation x="17" y="298" w="13" h="21"/>
      <animation x="33" y="298" w="13" h="21"/>
      <animation x="49" y="298" w="13" h="21"/>
    </run>

    <jump loop="false">
      <animation x="24" y="87" w="13" h="18"/>
    </jump>
	
	<jetpack loop="true" speed="0.1f">
	  <animation x="4" y="8" w="14" h="23"/>
      <animation x="24" y="8" w="14" h="23"/>
	</jetpack>
	
	<death loop="false" speed="0.2f">
      <animation x="2" y="327" w="13" h="20"/>
      <animation x="18" y="327" w="13" h="20"/>
      <animation x="34" y="327" w="13" h="20"/>
      <animation x="50" y="327" w="13" h="20"/>
      <animation x="66" y="327" w="13" h="20"/>
      <animation x="0" y="0" w="0" h="0"/>
	</death>
	
	<godmode loop="true" speed="0.05f">
      <animation x="43" y="8" w="14" h="23"/>
      <animation x="63" y="8" w="14" h="23"/>
    </godmode>
	
	<chestIdle loop="false">
		<animation x="0" y="0" w="15" h="35"/>
	</chestIdle>
	
	<chestOpening loop="false" speed="0.1f">
		<animation x="0" y="0" w="15" h="35"/>
		<animation x="16" y="0" w="15" h="35"/>
		<animation x="32" y="0" w="15" h="35"/>
		<animation x="48" y="0" w="15" h="35"/>
		<animation x="64" y="0" w="15" h="35"/>
		<animation x="80" y="0" w="15" h="35"/>
		<animation x="96" y="0" w="15" h="35"/>
		<animation x="112" y="0" w="15" h="35"/>
		<animation x="128" y="0" w="15" h="35"/>
	</chestOpening>
	
	<chestOpened>
		<animation x="144" y="0" w="15" h="35"/>
	</chestOpened>
	
	<doorIdle loop="false">
		<animation x="80" y="0" w="16" h="30"/>
	</doorIdle>
	
	<doorOpen loop="false" speed="0.1f">
		<animation x="80" y="0" w="16" h="30"/>
		<animation x="64" y="0" w="16" h="30"/>
		<animation x="48" y="0" w="16" h="30"/>
		<animation x="32" y="0" w="16" h="30"/>
		<animation x="16" y="0" w="16" h="30"/>
	</doorOpen>
	
	<movingObstacle>
		<animation x="140" y="133" w="36" h="36"/>
	</movingObstacle>
</animations>